ecotype_number,strain_name
96,AF202541
97,AF206518
94,AF260967
105,AF260969
105,AF317203
98,AF404753
98,AF404754
91,AF404755
99,AF404756
105,AF404757
100,AF481864
97,AF533540
105,AJ965626
105,AJ965628
107,AM404308
105,AY262283
105,AY268132
102,AY268133
105,AY277252
103,AY278441
105,AY278442
97,AY289214
107,AY490240
107,AY603654
86,AY646354
91,AY660002
105,AY701412
105,AY701413
46,AY712945
46,AY712946
90,AY712947
18,AY712948
86,AY795965
97,AY842931
97,AY848695
97,AY848696
97,AY848697
25,DQ005530
97,DQ066423
5,DQ080051
1,DQ080052
1,DQ080053
27,DQ080054
29,DQ080055
29,DQ080056
38,DQ080057
38,DQ080058
33,DQ080059
30,DQ080060
83,DQ080061
91,DQ080062
9,DQ080063
9,DQ080064
9,DQ080065
9,DQ080066
9,DQ080067
9,DQ080068
9,DQ080069
9,DQ080070
91,DQ080071
91,DQ080072
101,DQ118127
83,DQ164186
98,DQ164187
99,DQ164188
82,DQ164189
83,DQ164190
18,DQ164191
98,DQ164192
18,DQ164193
96,DQ164194
89,DQ164195
18,DQ164196
18,DQ164197
20,DQ164198
19,DQ164199
18,DQ164200
1,DQ164201
91,DQ164202
15,DQ164203
44,DQ164204
20,DQ164205
86,DQ164206
41,DQ176637
103,DQ374650
103,DQ374651
103,DQ374652
103,DQ374653
103,DQ377178
103,DQ377179
103,DQ377180
103,DQ411029
103,DQ411030
103,DQ411031
103,DQ411032
103,DQ411033
103,DQ411034
103,DQ411035
18,DQ431693
25,DQ431694
18,DQ431695
18,DQ431696
91,DQ431697
82,DQ431698
20,DQ431699
29,DQ431700
18,DQ431701
1,DQ431702
18,DQ431703
1,DQ431704
25,DQ431705
10,DQ431706
10,DQ431707
29,DQ431708
28,DQ431709
27,DQ431710
1,DQ431711
4,DQ431712
1,DQ666448
1,DQ666449
20,DQ666450
1,DQ666451
12,DQ666452
105,DQ786572
99,EF530047
97,EF571854
99,EF657887
107,EU081844
25,EU155484
107,EU249803
96,FJ151394
98,FJ411043
105,FJ483548
105,FJ483549
97,FJ527738
105,FJ766331
105,FJ766332
91,GQ379156
27,GQ379157
28,GQ379158
2,GQ379159
97,GQ379160
97,GQ379161
106,GQ851606
106,GQ851607
104,GQ851608
105,GU011992
46,GU827998
19,GU827999
19,GU828000
18,GU828001
18,GU828002
18,GU828003
18,GU828004
107,HM051416
56,HM488114
82,HM488115
82,HM488116
82,HM488117
82,HM488118
82,HM488119
82,HM488120
21,HM488121
21,HM488122
21,HM488123
21,HM488124
97,HM488125
97,HM488126
97,HM488127
97,HM488128
98,HM488129
99,HM488130
95,HM488131
97,HM488132
97,HM488133
97,HM488134
97,HM488135
97,HM488136
54,HM488137
54,HM488138
56,HM488139
83,HM488140
56,HM488141
86,HM488142
53,HM488143
20,HM488144
20,HM488145
20,HM488146
86,HM488147
82,HM488148
82,HM488149
82,HM488151
82,HM488152
82,HM488153
82,HM488154
21,HM488155
82,HM488156
82,HM488157
82,HM488158
20,HM488159
20,HM488160
20,HM488161
25,HM488162
20,HM488163
20,HM488164
84,HM488165
84,HM488166
84,HM488167
84,HM488168
84,HM488169
84,HM488170
82,HM488171
20,HM488172
20,HM488173
83,HM488174
99,HM488175
25,HM488176
20,HM488177
18,HM488178
25,HM488179
25,HM488180
81,HM488181
84,HM488182
82,HM488183
18,HM488184
53,HM488185
83,HM488186
48,HM488187
20,HM488188
25,HM488189
82,HM488190
9,HM488191
57,HM488192
18,HM488193
84,HM488194
25,HM488195
74,HM488196
18,HM488197
9,HM488198
84,HM488199
83,HM488200
14,HM488201
88,HM488202
75,HM488203
20,HM488204
78,HM488205
71,HM488206
88,HM488207
55,HM488208
86,HM488209
18,HM488210
54,HM488211
25,HM488212
82,HM488213
84,HM488214
21,HM488215
84,HM488216
20,HM488217
91,HM488218
83,HM488219
20,HM488220
82,HM488221
86,HM488222
20,HM488223
20,HM488224
53,HM488225
53,HM488226
18,HM488227
18,HM488228
53,HM488229
23,HM488230
86,HM488231
86,HM488232
18,HM488233
18,HM488234
54,HM488235
91,HM488236
25,HM488237
70,HM488238
9,HM488239
18,HM488240
18,HM488241
20,HM488242
84,HM488243
82,HM488244
88,HM488245
99,HM488246
99,HM488247
99,HM488248
99,HM488249
82,HM488250
20,HM488251
85,HM488252
25,HM488253
20,HM488254
18,HM756648
20,HM756649
20,HM756650
25,HM756651
50,HM756652
99,HM756653
53,HM756654
82,HM756656
82,HM756657
18,HM756658
86,HM756659
50,HM756660
99,HM756661
99,HM756662
99,HM756663
99,HM756664
21,HM756665
84,HM756666
82,HM756667
50,HM756668
18,HM756669
18,HM756670
83,HM756671
83,HM756672
86,HM756673
8,HM756675
20,HM756676
3,HM756677
84,HM756678
95,HQ596519
99,HQ671668
99,HQ671669
99,HQ671670
99,HQ671671
99,HQ671672
99,HQ671673
99,HQ671676
99,HQ671677
99,HQ671678
99,HQ671679
99,HQ671681
99,HQ671682
99,HQ671683
99,HQ671685
99,HQ671686
99,HQ671687
99,HQ671688
99,HQ671689
99,HQ671690
99,HQ671691
86,HQ671692
18,HQ671693
18,HQ671694
86,HQ671695
97,HQ671696
97,HQ671697
54,HQ671698
54,HQ671699
52,HQ671700
90,HQ671701
20,HQ671702
20,HQ671703
55,HQ671704
90,HQ671705
97,HQ671706
97,HQ671707
97,HQ671708
96,HQ671709
97,HQ671710
99,HQ671711
96,HQ671712
96,HQ671713
97,HQ671714
98,HQ671715
97,HQ671716
97,HQ671717
98,HQ671718
97,HQ671719
17,HQ671720
19,HQ671721
86,HQ671722
83,HQ671723
83,HQ671724
18,HQ671725
23,HQ671726
74,HQ671727
21,HQ671728
84,HQ671729
25,HQ671730
99,HQ671731
99,HQ671732
88,HQ671742
56,HQ705659
20,HQ705660
99,HQ705663
18,HQ705669
99,HQ705670
99,HQ705672
99,HQ705673
99,HQ705674
99,HQ705675
99,HQ705676
18,HQ705677
86,HQ705678
99,HQ891012
99,JF357958
99,JF357959
18,JF357960
13,JF415914
20,JF415915
77,JF415916
22,JF415917
88,JF415918
1,JF415919
57,JF415920
12,JF415921
78,JF415922
78,JF415923
25,JF415924
78,JF415925
78,JF415926
78,JF415927
78,JF415928
18,JF415929
20,JF415930
52,JF488086
52,JF488087
83,JF488088
52,JF488089
52,JF488090
82,JF488091
52,JF488092
85,JF488093
83,JF488094
50,JF488095
84,JF488096
84,JF488097
29,JF703161
29,JF703162
3,JF703163
105,JF719065
105,JF719066
105,JF719067
105,JF719068
105,JF719069
99,JF730040
99,JF730041
20,JF730042
18,JF730043
99,JF784158
86,JF899528
85,JF899529
99,JF899530
99,JF899531
99,JF899533
99,JF899534
99,JF899535
99,JF899536
99,JF899537
82,JF920306
97,JF920307
20,JF920728
20,JF920729
84,JF920730
73,JF920731
20,JF920732
23,JF920733
86,JF920734
23,JF920735
20,JF920736
20,JF920737
51,JF920738
20,JF920739
82,JF920740
86,JF920741
82,JF920742
83,JF920743
50,JF920744
52,JF920745
25,JF920746
68,JF920747
82,JF920748
20,JF920749
20,JF920750
12,JF920751
83,JF920752
80,JF920753
50,JF920754
82,JF920755
25,JF920756
83,JF920757
84,JF920758
50,JF920759
52,JF920760
2,JF957161
2,JF957162
2,JF957163
1,JF957164
2,JF957165
1,JF957166
2,JF957167
2,JF957168
25,JF957169
1,JF957170
2,JF957171
2,JF957172
1,JF957173
4,JF957174
12,JF957175
4,JF957176
6,JF957177
3,JF957178
75,JF957179
78,JF957180
25,JF957181
25,JF957182
80,JF957183
83,JF957184
83,JF957185
83,JF957186
20,JF972636
24,JN183885
9,JN183886
82,JN183887
82,JN183888
83,JN183889
82,JN183890
18,JN183891
18,JN183892
99,JN183893
99,JN183894
99,JN183895
99,JN183896
99,JN183897
21,JN367277
86,JN819305
86,JN819306
56,JN819307
82,JN819309
82,JN819310
20,JN819311
82,JN819312
82,JN819313
98,JN819315
98,JN819316
99,JN819317
82,JN819318
25,JN819319
54,JN819320
90,JN819321
18,JN819323
82,JN819324
105,JN858069
83,JQ700437
12,JQ700438
60,JQ700439
83,JQ700440
34,JQ700441
73,JQ700442
105,JQ928174
105,JQ928175
107,JX041628
107,JX041629
107,JX041630
103,JX041634
107,JX070655
103,JX442279
105,JX556213
97,KC407666
97,KC407667
103,KC601756
84,KC711057
59,KC711059
59,KC736486
50,KC736487
50,KC736488
50,KC736489
59,KC736490
50,KC736491
59,KC736492
59,KC736493
59,KC736494
59,KC736495
59,KC736496
59,KC736497
59,KC736498
50,KC736499
59,KC736500
50,KC736501
50,KC736502
105,KC954092
105,KF234080
60,KF367469
105,KF647253
3,KF704147
12,KF704153
83,KF704158
82,KJ145799
83,KJ145827
84,KJ145828
14,KJ145829
12,KJ145832
34,KJ501096
34,KJ501098
4,KJ501099
34,KJ501100
4,KJ501101
4,KJ501102
30,KJ501103
30,KJ501104
29,KJ501105
3,KJ501106
30,KJ501107
1,KJ501108
3,KJ501109
2,KJ501110
2,KJ501111
1,KJ501112
1,KJ501113
1,KJ501114
27,KJ501115
27,KJ501116
27,KJ501119
29,KJ501123
29,KJ501125
2,KJ501126
27,KJ501127
4,KJ501128
27,KJ501129
28,KJ501130
27,KJ501131
27,KJ501132
28,KJ501133
28,KJ501134
27,KJ501135
27,KJ501136
27,KJ501137
27,KJ501138
28,KJ501139
27,KJ501140
27,KJ501141
27,KJ501142
27,KJ501143
28,KJ501144
28,KJ501146
28,KJ501147
28,KJ501148
28,KJ501149
28,KJ501150
2,KJ501168
12,KJ501170
30,KJ501186
31,KJ501195
31,KJ501206
88,KJ501211
25,KJ501214
25,KJ501217
83,KJ501218
59,KJ501220
13,KJ501222
58,KJ501224
59,KJ501225
59,KJ501226
58,KJ501229
50,KJ501230
91,KJ501233
91,KJ501234
91,KJ501235
3,KJ501236
22,KJ501237
25,KJ501238
88,KJ501239
88,KJ501240
50,KJ501241
75,KJ501242
86,KJ501243
86,KJ501244
86,KJ501245
86,KJ501246
86,KJ501247
86,KJ501248
86,KJ501249
12,KJ501250
45,KJ501251
9,KJ501253
25,KJ501254
88,KJ501255
82,KJ501256
23,KJ501257
12,KJ501258
22,KJ501259
84,KJ501260
20,KJ501261
18,KJ501262
86,KJ501263
91,KJ501264
25,KJ501265
18,KJ501266
34,KJ501267
91,KJ501268
99,KJ501269
99,KJ501270
20,KJ501271
82,KJ501272
51,KJ501273
86,KJ501274
91,KJ501275
91,KJ501276
99,KJ501277
99,KJ501278
97,KJ501279
53,KJ501280
82,KJ501281
91,KJ501282
85,KJ501283
25,KJ501284
50,KJ501285
83,KJ501286
53,KJ501287
97,KJ501288
97,KJ501289
97,KJ501290
86,KJ501291
53,KJ501292
98,KJ501293
86,KJ501294
12,KJ501295
25,KJ501296
9,KJ501297
25,KJ501298
97,KJ501299
44,KJ501300
55,KJ501301
83,KJ501302
20,KJ501303
49,KJ501304
83,KJ501305
86,KJ501306
44,KJ501307
58,KJ501308
20,KJ501309
86,KJ501310
55,KJ501311
20,KJ501312
98,KJ501313
82,KJ501314
25,KJ501315
25,KJ501316
91,KJ501317
97,KJ501318
81,KJ501319
91,KJ501320
18,KJ501321
18,KJ501322
9,KJ501323
9,KJ501324
15,KJ501326
20,KJ501327
18,KJ501328
44,KJ501329
78,KJ501330
20,KJ501331
91,KJ501332
86,KJ501333
82,KJ501334
1,KJ501335
85,KJ501336
53,KJ501337
83,KJ501338
53,KJ501339
50,KJ501340
31,KJ501341
27,KJ501342
97,KJ501343
97,KJ501344
22,KJ501345
21,KJ501346
41,KJ501347
1,KJ501348
9,KJ501349
19,KJ501350
18,KJ501351
46,KJ501352
25,KJ501353
15,KJ501354
86,KJ501355
46,KJ501356
46,KJ501357
1,KJ501358
83,KJ501359
84,KJ501360
54,KJ501361
91,KJ501362
91,KJ501363
85,KJ501364
82,KJ501365
86,KJ501366
83,KJ501367
20,KJ501368
25,KJ501369
84,KJ501370
83,KJ501371
18,KJ501372
25,KJ501373
99,KJ501374
99,KJ501375
16,KJ501376
18,KJ501377
99,KJ501378
91,KJ501379
18,KJ501380
12,KJ501381
83,KJ501382
83,KJ501383
18,KJ501384
9,KJ501385
74,KJ501386
18,KJ501387
44,KJ501388
1,KJ501389
25,KJ501390
10,KJ501391
12,KJ501392
91,KJ501393
91,KJ501394
91,KJ501395
20,KJ501396
82,KJ501397
1,KJ501398
83,KJ501399
83,KJ501400
86,KJ501401
20,KJ501402
76,KJ501403
1,KJ501404
18,KJ501405
78,KJ501406
78,KJ501407
78,KJ501408
4,KJ501409
47,KJ501410
20,KJ501411
20,KJ501412
84,KJ501413
86,KJ501414
20,KJ501415
1,KJ501416
12,KJ501418
1,KJ501419
1,KJ501420
25,KJ501421
86,KJ501422
87,KJ501423
1,KJ501424
82,KJ501425
86,KJ501426
41,KJ501427
4,KJ501428
15,KJ501429
15,KJ501430
1,KJ501431
59,KJ501432
59,KJ501434
58,KJ501437
83,KJ501438
86,KJ501439
41,KJ501440
73,KJ501441
83,KJ501442
91,KJ501443
25,KJ501444
99,KJ501445
83,KJ501446
20,KJ501447
86,KJ501448
25,KJ501449
99,KJ501450
18,KJ501451
86,KJ501452
18,KJ501453
18,KJ501454
91,KJ501455
24,KJ501456
24,KJ501457
18,KJ501458
25,KJ501459
82,KJ501460
20,KJ501461
9,KJ501462
55,KJ501463
84,KJ501464
99,KJ501465
18,KJ501466
82,KJ501467
91,KJ501468
18,KJ501469
25,KJ501470
1,KJ501471
53,KJ501472
91,KJ501473
25,KJ501474
25,KJ501475
86,KJ501476
18,KJ501477
1,KJ501478
83,KJ501479
98,KJ501480
55,KJ501481
25,KJ501482
86,KJ501483
82,KJ501484
4,KJ501485
99,KJ501486
25,KJ501487
82,KJ501488
91,KJ501489
86,KJ501490
86,KJ501491
91,KJ501492
99,KJ501493
97,KJ501494
83,KJ501495
86,KJ501496
86,KJ501497
52,KJ501498
82,KJ501499
80,KJ501500
46,KJ501501
41,KJ501502
18,KJ501503
18,KJ501504
86,KJ501505
82,KJ501506
25,KJ501507
25,KJ501508
18,KJ501509
87,KJ501510
25,KJ501511
91,KJ501512
25,KJ501513
18,KJ501514
99,KJ501515
91,KJ501516
86,KJ501517
12,KJ501518
86,KJ501519
44,KJ501520
4,KJ501521
15,KJ501522
25,KJ501523
20,KJ501524
82,KJ501525
1,KJ501526
20,KJ501527
82,KJ501528
1,KJ501529
62,KJ501530
58,KJ501531
58,KJ501532
50,KJ501533
73,KJ501534
71,KJ501535
71,KJ501536
58,KJ501537
73,KJ501538
73,KJ501539
97,KJ786934
21,KJ786935
58,KJ786936
104,KJ958922
97,KM083619
34,KR348915
31,KR348916
31,KR348917
34,KR348918
4,KR348919
34,KR348920
4,KR348921
4,KR348922
30,KR348923
30,KR348924
29,KR348925
3,KR348926
30,KR348927
1,KR348928
3,KR348929
2,KR348930
2,KR348931
1,KR348932
1,KR348933
1,KR348934
27,KR348935
27,KR348936
3,KR348937
3,KR348938
27,KR348939
3,KR348940
3,KR348941
3,KR348942
29,KR348943
3,KR348944
29,KR348945
2,KR348946
27,KR348947
4,KR348948
27,KR348949
28,KR348950
27,KR348951
27,KR348952
28,KR348953
28,KR348954
2,KR348955
27,KR348956
27,KR348957
27,KR348958
27,KR348959
28,KR348960
27,KR348961
27,KR348962
27,KR348963
27,KR348964
28,KR348965
34,KR348966
28,KR348967
28,KR348968
28,KR348969
28,KR348970
28,KR348971
28,KR348972
28,KR348973
4,KR348976
4,KR348977
2,KR348978
1,KR348979
34,KR348980
34,KR348982
34,KR348984
2,KR348985
2,KR348987
2,KR348988
4,KR348989
4,KR348990
2,KR348991
4,KR348992
31,KR348994
34,KR348995
33,KR348997
31,KR348998
33,KR348999
31,KR349000
31,KR349002
31,KR349004
31,KR349006
35,KR349007
30,KR349008
29,KR349009
30,KR349010
33,KR349011
33,KR349012
32,KR349013
4,KR349014
31,KR349015
31,KR349017
31,KR349018
4,KR349019
31,KR349020
31,KR349021
27,KR349022
29,KR349024
31,KR349025
31,KR349026
58,KR868734
107,KT163243
25,KT862843
25,KT862844
105,KU588135
20,KX547164
83,KX547165
21,KX547166
61,KX547167
25,KX547168
50,KX547169
86,KX547170
50,KX547171
82,KX547172
8,KX547173
50,KX547174
20,KX547175
86,KX547176
82,KX547178
99,KX547179
86,KX547180
82,KX547181
19,KX547182
25,KX547183
60,KX547184
58,KX547185
50,KX547186
12,KX547187
18,KX547188
86,KX547189
50,KX547190
20,KX547191
83,KX547192
85,KX547193
99,KX547194
71,KX547195
61,KX547196
12,KX547197
58,KX547198
84,KX547199
50,KX547200
50,KX547201
21,KX547202
97,KX547203
86,KX547204
83,KX547205
59,KX547206
20,KX547207
20,KX547208
86,KX547209
97,KX547210
82,KX547211
18,KX547212
18,KX547213
58,KX547214
18,KX547215
73,KX547216
52,KX547217
84,KX547218
20,KX547219
80,KX547220
59,KX547221
58,KX547222
83,KX547223
86,KX547224
20,KX547225
19,KX547226
66,KX547227
97,KX547228
18,KX547229
84,KX547230
25,KX547231
82,KX547232
86,KX547233
79,KX547234
50,KX547235
83,KX547236
83,KX547237
53,KX547238
86,KX547239
86,KX547240
20,KX547241
73,KX547242
80,KX547243
85,KX547244
53,KX547245
53,KX547246
18,KX547247
83,KX547248
83,KX547249
83,KX547250
99,KX547251
91,KX547252
91,KX547253
50,KX547254
83,KX547255
52,KX547256
75,KX547257
25,KX547258
21,KX547259
25,KX547260
99,KX547261
52,KX547262
21,KX547263
15,KX547264
20,KX547265
93,KX547266
52,KX547267
88,KX547268
61,KX547269
25,KX547270
56,KX547271
97,KX547272
15,KX547273
64,KX547274
19,KX547275
25,KX547276
82,KX547277
83,KX547278
71,KX547279
64,KX547280
83,KX547281
15,KX547282
64,KX547283
78,KX547284
88,KX547285
60,KX547286
20,KX547287
54,KX547288
20,KX547289
82,KX547290
64,KX547291
18,KX547292
50,KX547293
20,KX547294
71,KX547295
85,KX547296
84,KX547297
88,KX547298
86,KX547299
57,KX547300
91,KX547301
17,KX547302
52,KX547303
56,KX547304
18,KX547305
50,KX547306
52,KX547307
52,KX547308
84,KX547309
53,KX547310
20,KX547311
24,KX547312
84,KX547313
53,KX547314
50,KX547315
97,KX547316
83,KX547317
12,KX547318
84,KX547319
97,KX547320
83,KX547321
91,KX547322
59,KX547323
59,KX547324
80,KX547325
83,KX547326
82,KX547327
59,KX547328
86,KX547329
59,KX547330
53,KX547331
52,KX547332
50,KX547333
59,KX547334
75,KX547335
18,KX547336
50,KX547337
83,KX547338
88,KX547339
84,KX547340
53,KX547341
86,KX547342
59,KX547343
60,KX547344
18,KX547345
17,KX547346
8,KX547347
88,KX547348
23,KX547349
86,KX547350
85,KX547351
15,KX547352
96,KX547353
25,KX547354
25,KX547355
64,KX547356
89,KX547357
63,KX547358
83,KX547359
23,KX547360
13,KX547361
20,KX547362
24,KX547363
84,KX547364
20,KX547365
52,KX547366
25,KX547367
73,KX547368
73,KX547369
20,KX547370
84,KX547371
69,KX547372
67,KX547373
83,KX547374
15,KX547375
64,KX547376
50,KX547377
98,KX547378
25,KX547379
73,KX547380
82,KX547381
86,KX547382
83,KX547383
82,KX547384
86,KX547385
92,KX547386
1,KX547387
19,KX547388
80,KX547389
60,KX547391
52,KX547392
98,KX547393
56,KX547394
97,KX547395
52,KX547396
25,KX547397
83,KX547398
82,KX547399
83,KX547400
20,KX547401
86,KX547402
82,KX547403
82,KX547404
86,KX547405
50,KX547406
69,KX547407
84,KX547408
84,KX547409
59,KX547410
87,KX547411
18,KX547413
91,KX547414
86,KX547415
83,KX547416
73,KX547417
58,KX547418
83,KX547419
56,KX547420
18,KX547421
18,KX547422
18,KX547423
75,KX547424
69,KX547425
25,KX547426
84,KX547427
91,KX547428
53,KX547429
50,KX547430
71,KX547431
53,KX547432
88,KX547434
86,KX547435
18,KX547436
83,KX547437
80,KX547438
84,KX547439
20,KX547440
85,KX547441
82,KX547442
58,KX547443
86,KX547444
58,KX547445
23,KX547446
20,KX547447
18,KX547448
82,KX547449
50,KX547450
15,KX547451
88,KX547452
20,KX547453
86,KX547454
52,KX547455
60,KX547456
86,KX547458
18,KX547459
62,KX547460
85,KX547461
12,KX547462
20,KX547463
73,KX547464
50,KX547465
60,KX547467
18,KX547468
83,KX547469
83,KX547470
52,KX547471
25,KX547472
62,KX547473
86,KX547474
74,KX547475
20,KX547476
50,KX547477
97,KX547478
85,KX547479
90,KX547480
50,KX547481
50,KX547482
64,KX547483
99,KX547484
61,KX547485
52,KX547486
85,KX547487
82,KX547488
82,KX547489
99,KX547490
50,KX547491
97,KX547492
86,KX547493
84,KX547494
73,KX547495
52,KX547496
58,KX547497
20,KX547498
83,KX547499
82,KX547500
85,KX547501
85,KX547502
85,KX547503
88,KX547504
20,KX547505
20,KX547506
83,KX547507
18,KX547508
99,KX547509
1,KX547510
85,KX547511
20,KX547512
53,KX547513
59,KX547514
50,KX547515
84,KX547517
84,KX547518
97,KX547519
50,KX547520
52,KX547521
46,KX547522
25,KX547523
60,KX547524
18,KX547525
50,KX547526
86,KX547527
14,KX547528
82,KX547529
20,KX547530
50,KX547531
85,KX547532
18,KX547533
82,KX547535
83,KX547536
71,KX547537
99,KX547538
83,KX547540
20,KX547541
90,KX547542
82,KX547543
12,KX547544
18,KX547545
25,KX547546
64,KX547547
60,KX547548
20,KX547549
20,KX547550
60,KX547551
15,KX547552
52,KX547553
99,KX547554
50,KX547555
59,KX547556
69,KX547557
88,KX547558
58,KX547559
18,KX547560
18,KX547561
73,KX547562
97,KX547564
61,KX547565
82,KX547566
18,KX547567
20,KX547568
25,KX547569
83,KX547570
18,KX547573
73,KX547574
58,KX547575
64,KX547576
84,KX547577
25,KX547578
59,KX547579
18,KX547580
83,KX547581
50,KX547582
90,KX547583
97,KX547584
15,KX547585
21,KX547586
86,KX547587
20,KX547588
50,KX547589
52,KX547590
83,KX547591
18,KX547592
18,KX547593
83,KX547594
19,KX547596
52,KX547597
73,KX547598
23,KX547599
83,KX547600
88,KX547601
97,KX547602
18,KX547603
62,KX547604
18,KX547605
24,KX547606
73,KX547607
25,KX547608
20,KX547609
50,KX547610
20,KX547611
50,KX547612
52,KX547613
25,KX547614
20,KX547615
86,KX547616
86,KX547617
18,KX547618
90,KX547619
21,KX547620
50,KX547621
58,KY216149
58,KY216150
62,KY216151
64,KY216152
50,KY216153
59,KY216155
58,KY229068
62,KY229069
50,KY229070
58,KY229071
59,KY229072
50,KY229073
50,KY229074
105,LC817237
105,MF797870
59,MG004528
83,MG004529
59,MG004530
59,MG004531
59,MG004532
1,MG004533
59,MG004534
59,MG004536
1,MG004537
59,MG004538
83,MG004539
1,MG004540
59,MG004541
98,MH166882
23,MH166883
20,MH166884
23,MH166885
91,MH166886
91,MH166887
52,MH166888
52,MH166889
52,MH166890
52,MH166891
82,MH166892
50,MH166893
52,MH166894
52,MH166895
19,MH166896
50,MH166897
52,MH166898
91,MH166899
82,MH166900
98,MH166901
23,MH166902
96,MH166903
98,MH166904
23,MH166905
82,MH166906
52,MH166907
52,MH166908
50,MH166909
52,MH166910
55,MH166911
82,MH166912
82,MH166913
78,MH166914
53,MH166915
50,MH166916
52,MH166917
50,MH166918
52,MH166919
50,MH166920
20,MH166921
1,MH170226
46,MH170227
86,MH170228
18,MH170229
15,MH170230
20,MH170231
1,MH170232
25,MH170233
86,MH170234
7,MH170235
86,MH170236
10,MH170237
18,MH170238
1,MH170239
50,MH170240
1,MH170241
91,MH170242
86,MH170243
1,MH170244
25,MH170245
25,MH170246
83,MH170247
25,MH170248
18,MH170249
25,MH170250
1,MH170251
20,MH170252
83,MH170253
44,MH170254
25,MH170255
40,MH170256
18,MH170257
88,MH170258
73,MH170259
84,MH170260
82,MH170261
82,MH170262
91,MH170263
18,MH170264
85,MH170265
25,MH170266
25,MH170267
88,MH170268
52,MH170269
20,MH170270
82,MH170271
13,MH170272
91,MH170273
53,MH170274
83,MH170275
91,MH170276
91,MH643887
60,MK352483
105,MN149538
97,MN849176
105,MT863559
91,MT905060
97,MW420987
97,MW420988
97,MW420989
105,MW915462
82,MZ595324
82,MZ595325
82,MZ595326
82,MZ595327
82,MZ595329
82,MZ595331
82,MZ595334
82,MZ595335
82,MZ595336
82,MZ595339
97,MZ605381
59,OK631659
60,OK631660
59,OK631661
60,OL741623
61,ON994909
50,ON994910
105,OP009520
105,OP009521
105,OP009522
105,OP009523
105,OP009524
105,OP009525
105,OP609790
105,OP609791
105,OP609792
105,OP609793
105,OP609794
105,OP609795
105,OP609796
105,OP609797
105,OP609798
105,OP609799
105,OP609800
105,OP609801
105,OP609802
105,OP609803
105,OP609804
105,OP609805
105,OP609806
105,OP609807
105,OP609808
105,OP609809
105,OP609810
105,OP609811
105,OP609812
105,OP609813
105,OP609814
105,OP609815
105,OP617270
105,OQ357819
105,OQ357820
105,OQ357821
105,OQ357822
105,OQ689696
105,OQ689697
60,OR605719
60,OR605720
105,PP104379
105,PP104380
105,PP104381
105,PP104382
28,W001
28,W002
28,W003
28,W004
27,W005
31,W006
31,W007
1,W008
1,W009
1,W010
28,W011
4,W012
34,W013
1,W014
1,W015
1,W016
28,W017
28,W018
28,W019
28,W020
28,W022
28,W026
28,W028
28,W029
28,W030
28,W033
28,W034
28,W036
28,W037
28,W038
28,W039
28,W041
28,W042
28,W043
28,W044
28,W045
28,W047
28,W048
28,W049
28,W050
28,W051
31,W055
31,W057
28,W058
31,W059
1,W060
1,W061
1,W062
1,W065
1,W067
4,W068
1,W073
1,W074
1,W075
1,W077
1,W078
1,W082
58,W083
60,W0831
62,W0835
62,W0836
59,W0842
1,W085
59,W0856
1,W086
60,W0860
59,W0861
50,W0865
31,W087
60,W0870
58,W088
28,W089
59,W0891
60,W0899
1,W090
62,W0901
60,W0902
60,W0918
34,W092
2,W0920
2,W0921
2,W0926
1,W0929
34,W093
2,W0933
2,W0939
34,W094
2,W0940
2,W0941
31,W0942
31,W0943
2,W0944
2,W0945
31,W0946
2,W0947
2,W0948
34,W095
84,W0950
61,W0951
50,W0952
59,W0953
63,W0954
62,W0955
60,W0957
60,W0958
64,W0959
31,W096
60,W0960
83,W0961
60,W0962
50,W0963
61,W0964
83,W0965
62,W0966
61,W0967
61,W0968
61,W0969
28,W097
60,W0970
59,W0971
50,W0972
61,W0973
63,W0974
59,W0975
64,W0976
64,W0977
50,W0978
34,W098
61,W0980
50,W0981
50,W0982
63,W0983
60,W0984
62,W0985
50,W0986
50,W0987
62,W0988
64,W0989
58,W099
60,W0990
34,W100
1,W101
28,W102
58,W103
1,W104
28,W110
1,W111
1,W112
30,W113
27,W114
27,W115
29,W116
4,W117
1,W119
31,W120
31,W122
34,W123
36,W124
32,W125
31,W126
28,W127
34,W128
28,W129
31,W130
50,W1301
50,W1305
60,W1306
32,W131
27,W132
64,W1324
50,W1326
64,W1327
64,W1329
2,W133
60,W1330
64,W1332
64,W1334
62,W1335
50,W1336
64,W1337
61,W1338
58,W1339
4,W134
64,W1342
64,W1344
32,W135
50,W1353
59,W1356
59,W1364
50,W1369
50,W1374
60,W1375
60,W1378
32,W138
53,W1383
26,W1384
25,W1385
82,W1386
84,W1387
18,W1388
25,W1389
34,W139
82,W1391
25,W1392
25,W1393
42,W1394
84,W1395
84,W1396
83,W1397
18,W1398
25,W1399
34,W140
20,W1400
82,W1401
25,W1408
86,W1409
84,W1411
25,W1412
18,W1413
84,W1414
25,W1415
44,W1417
25,W1418
48,W1419
9,W1420
84,W1421
14,W1422
25,W1423
82,W1424
43,W1425
83,W1426
25,W1427
25,W1428
20,W1429
28,W143
18,W1430
18,W1431
9,W1432
18,W1433
23,W1434
44,W1435
18,W1436
7,W1437
10,W1438
46,W1439
32,W144
25,W1440
9,W1441
25,W1442
19,W1443
87,W1444
18,W1445
11,W1446
82,W1447
82,W1448
82,W1449
28,W145
10,W1451
1,W1452
82,W1453
82,W1454
23,W1455
57,W1456
20,W1457
82,W1458
18,W1459
34,W146
82,W1460
18,W1461
82,W1462
83,W1463
9,W1464
20,W1465
25,W1466
9,W1467
10,W1469
27,W147
9,W1470
82,W1471
12,W1472
12,W1474
15,W1475
15,W1476
11,W1477
14,W1478
15,W1479
32,W148
20,W1481
11,W1482
57,W1483
18,W1484
83,W1485
72,W1486
15,W1488
18,W1489
34,W149
82,W1490
57,W1491
20,W1492
1,W1493
10,W1494
86,W1495
11,W1496
12,W1497
83,W1499
32,W150
86,W1500
20,W1501
18,W1502
61,W1505
62,W1507
32,W151
50,W1517
31,W152
59,W1525
62,W1529
62,W1530
82,W1531
60,W1537
60,W1538
34,W154
59,W1540
59,W1564
62,W1568
28,W158
59,W1580
59,W1586
31,W159
34,W161
60,W1614
58,W163
50,W1630
50,W1633
50,W1638
28,W164
50,W1647
50,W1648
58,W165
50,W1656
31,W166
59,W1668
82,W1670
28,W168
62,W1685
31,W169
60,W1702
60,W1705
34,W172
1,W173
58,W174
37,W175
59,W1751
59,W1752
59,W1753
59,W1754
50,W1755
59,W1756
59,W1757
50,W1759
27,W176
59,W1760
59,W1761
60,W1762
59,W1763
58,W1764
59,W1767
59,W1768
59,W1769
27,W177
59,W1770
58,W1772
59,W1773
59,W1774
59,W1775
59,W1776
59,W1777
59,W1781
50,W1782
59,W1783
59,W1784
50,W1785
58,W1788
59,W1789
27,W179
50,W1791
50,W1792
59,W1793
59,W1794
59,W1795
50,W1796
58,W1799
27,W180
82,W1800
58,W1801
58,W1803
59,W1804
58,W1805
59,W1806
59,W1807
59,W1808
59,W1809
59,W1810
59,W1811
50,W1812
62,W1816
59,W1817
58,W1819
2,W182
59,W1820
59,W1823
82,W1824
58,W1825
59,W1826
60,W1827
59,W1828
4,W183
60,W1831
50,W1833
50,W1836
4,W184
60,W1841
34,W185
60,W1856
4,W186
60,W1863
59,W1866
28,W187
34,W188
62,W1886
62,W1888
60,W1890
60,W1893
50,W1894
60,W1900
60,W1905
64,W1907
83,W1911
60,W1915
64,W1917
62,W1918
34,W192
58,W1920
50,W1922
50,W1925
34,W193
50,W1944
60,W1945
61,W1947
60,W1948
28,W195
60,W1950
60,W1951
65,W1952
50,W1953
61,W1954
60,W1957
59,W1958
59,W1959
59,W1960
62,W1962
59,W1963
50,W1966
59,W1968
62,W1972
60,W1973
59,W1974
59,W1975
62,W1976
62,W1979
34,W198
59,W1981
62,W1983
62,W1984
58,W1987
60,W1988
59,W1989
34,W199
61,W1993
61,W1996
62,W1998
60,W2001
61,W2002
62,W2006
58,W2007
59,W2009
31,W201
62,W2010
58,W2011
50,W2012
59,W2013
62,W2014
62,W2016
62,W2017
62,W2018
31,W202
59,W2021
62,W2022
61,W2023
62,W2026
31,W204
28,W208
28,W209
28,W210
31,W211
31,W212
34,W214
34,W217
34,W220
28,W221
34,W223
34,W224
34,W225
34,W226
34,W228
34,W229
34,W230
31,W233
34,W234
31,W235
31,W240
34,W242
34,W243
31,W244
34,W245
34,W246
58,W247
58,W248
34,W249
34,W250
30,W253
27,W255
2,W256
1,W257
4,W259
1,W260
4,W263
2,W264
2,W265
4,W266
4,W267
32,W268
4,W269
4,W270
2,W271
4,W272
4,W274
4,W275
4,W276
4,W277
4,W278
4,W279
2,W280
2,W281
2,W284
4,W286
4,W287
2,W288
4,W289
4,W290
4,W291
4,W293
2,W294
2,W295
4,W296
4,W297
2,W298
31,W299
2,W304
2,W305
2,W306
2,W307
2,W308
2,W310
2,W312
2,W313
2,W314
2,W317
2,W318
34,W319
2,W325
2,W339
31,W342
1,W344
1,W349
1,W350
1,W351
1,W353
2,W354
1,W355
27,W356
2,W357
2,W358
4,W359
2,W362
4,W363
30,W364
2,W365
4,W366
2,W367
2,W368
2,W370
33,W372
4,W374
4,W376
4,W377
4,W378
4,W382
4,W383
2,W384
2,W385
2,W386
2,W387
2,W388
2,W389
2,W390
4,W391
4,W393
2,W394
4,W395
2,W396
4,W397
2,W398
2,W399
2,W400
2,W401
2,W402
2,W403
2,W404
34,W405
2,W406
2,W407
2,W408
2,W409
2,W410
4,W411
2,W412
2,W413
2,W414
2,W415
2,W417
2,W418
2,W419
2,W420
2,W421
2,W422
34,W423
2,W426
2,W427
2,W428
34,W429
2,W430
34,W431
34,W432
2,W433
2,W436
34,W437
2,W440
31,W485
31,W493
28,W502
28,W505
28,W506
28,W507
28,W508
28,W509
28,W510
28,W512
28,W513
28,W514
28,W515
28,W516
28,W518
28,W521
28,W522
28,W523
28,W524
28,W525
28,W526
28,W527
28,W528
28,W529
28,W530
28,W531
28,W532
28,W533
28,W534
28,W536
28,W537
1,W538
1,W539
1,W540
1,W541
28,W542
28,W544
1,W547
1,W548
1,W550
58,W553
1,W555
1,W556
1,W557
59,W558
1,W560
1,W563
1,W564
1,W566
1,W568
1,W569
1,W570
1,W571
1,W572
1,W573
1,W574
1,W575
1,W576
1,W577
59,W578
59,W579
1,W582
1,W584
1,W585
28,W586
1,W587
1,W589
28,W592
34,W594
33,W635
39,W636
31,W637
34,W643
32,W650
31,W651
31,W653
31,W654
34,W655
31,W656
31,W657
31,W658
4,W659
31,W660
31,W661
4,W667
34,W668
4,W669
34,W670
32,W672
34,W675
34,W676
34,W677
34,W678
31,W679
31,W680
34,W681
34,W682
31,W684
31,W685
34,W686
31,W688
34,W690
34,W691
31,W692
31,W693
31,W694
31,W698
31,W699
31,W700
34,W701
31,W704
31,W705
31,W707
34,W708
34,W709
34,W710
34,W711
31,W712
34,W713
34,W714
31,W715
34,W716
34,W717
34,W718
34,W719
34,W720
34,W722
34,W723
34,W724
34,W725
34,W726
31,W727
32,W728
31,W729
32,W730
34,W731
34,W732
34,W733
31,W734
34,W736
31,W737
31,W738
31,W739
34,W740
31,W742
31,W743
31,W744
34,W745
31,W746
34,W748
31,W749
31,W750
34,W751
31,W752
31,W753
31,W754
31,W755
31,W756
31,W757
34,W758
34,W760
31,W762
31,W763
4,W764
31,W765
34,W766
34,W767
34,W768
31,W770
34,W771
31,W772
34,W773
34,W774
34,W775
34,W778
34,W779
34,W780
34,W781
31,W782
31,W784
34,W785
34,W788
34,W789
31,W791
31,W792
34,W795
33,W796
34,W797
31,W799
31,W800
32,W803
31,W807
33,W808
34,W810
31,W812
27,W816
34,W818
4,W820
4,W821
34,W823
2,W824
2,W825
2,W827
2,W830